#,AUC,Accuracy,F1,NPV,Precision (PPR),Sensitivity (Recall/TPR),Specificity (1-FPR)
Train,99.64766833827932,97.24006899827504,93.6266020090059,99.5183760545625,89.46381288614297,98.19568902882054,96.9914626846864
Validation,99.35973241892704,96.43964396439644,91.78966789667898,99.04231914067554,87.58802816901408,96.41472868217055,96.4461247637051
