#,AUC,Accuracy,F1,NPV,Precision (PPR),Sensitivity (Recall/TPR),Specificity (1-FPR)
Train,99.73604232655417,99.08502287442815,99.42316784869976,97.57656136966482,99.47961018071719,99.36678952839996,98.00193751513685
Validation,99.30204776698268,98.14981498149815,98.83229186391468,94.93065518890484,99.00101163378856,98.66414618777569,96.17248062015504
