#,AUC,Accuracy,F1,NPV,Precision (PPR),Sensitivity (Recall/TPR),Specificity (1-FPR)
Train,99.66930786852605,98.12754681132971,95.47404677019759,98.87101860611794,95.28404293812568,95.6648098813272,98.76823236619097
Validation,99.33413685809606,97.35973597359737,93.5703848027277,98.20284026643206,94.07443682664055,93.07170542635659,98.47511027095149
