#,AUC,Accuracy,F1,NPV,Precision (PPR),Sensitivity (Recall/TPR),Specificity (1-FPR)
Train,99.91731127857223,99.86500337491563,99.91493651743802,99.64899540062939,99.9212325530105,99.90864127524178,99.69726325986922
Validation,99.455642502308,98.14981498149815,98.83552590168061,95.89643380556913,98.72987927565391,98.9413988657845,95.10658914728683
